USE cuber;

#person
	#drivers
insert into person (id, first_name, last_name, card_num, card_exp, address)
values ('00000001', 'Alex', 'Addison', '4532588674021749', '12/01/21', '7644 E. Myers St., South Richmond Hill, NY 11419');

insert into person (id, first_name, last_name, card_num, card_exp, address)
values ('00000002', 'Dana', 'Daughtery', '4929225003036939', '07/01/22', '1 Sherman Lane, Brooklyn, NY 11220');

insert into person (id, first_name, last_name, card_num, card_exp, address)
values ('00000003', 'Tilman', 'McClure', '4916971854263883', '09/01/22', '838 Chapel Drive, New York, NY 10002');

insert into person (id, first_name, last_name, card_num, card_exp, address)
values ('00000004', 'Eunice', 'Berge', '4539365241060432', '02/01/21', '779 Manhattan Drive, Corona, NY 11368');

insert into person (id, first_name, last_name, card_num, card_exp, address)
values ('00000005', 'Elijah', 'Langosh', '4485521688971788', '01/01/20', '8323 Mechanic Road, Bronx, NY 10460');

insert into person (id, first_name, last_name, card_num, card_exp, address)
values ('00000006', 'Gover', 'Braun', '4916519621084999', '01/01/12', '85 Westminster Avenue, Bronx, NY 10467');

insert into person (id, first_name, last_name, card_num, card_exp, address)
values ('00000007', 'Franz', 'Cronin', '4024007149182296', '08/01/20', '813 Augusta Street, Bronx, NY 10473');

insert into person (id, first_name, last_name, card_num, card_exp, address)
values ('00000008', 'Joel', 'Howell', '448523609206749', '10/01/20', '81 West Ocean Street, Brooklyn, NY 11203');

insert into person (id, first_name, last_name, card_num, card_exp, address)
values ('00000009', 'Peter', 'Gaylord', '4024007159022176', '05/01/21', '706 Front Road, Bronx, NY 10463');

insert into person (id, first_name, last_name, card_num, card_exp, address)
values ('00000010', 'Axel', 'Jakowski', '4532682458736968', '05/01/22', '9034 Grandrose Street, Brooklyn, NY 11215');

insert into person (id, first_name, last_name, card_num, card_exp, address)
values ('00000011', 'Quin', 'Kohler', '4539647593907652', '12/01/21', '8200 Bay Street, Far Rockaway, NY 11691');

insert into person (id, first_name, last_name, card_num, card_exp, address)
values ('00000012', 'Bruce', 'Klein', '4716467247912296', '01/01/22', '8 Pendergast Lane, Poughkeepsie, NY 12603');

	#customers
insert into person (id, first_name, last_name, card_num, card_exp, address)
values ('00000013', 'Lin', 'Kunde', '4225014500581139', '03/01/21', '218 Arch Street, Bronx, NY 10472');

insert into person (id, first_name, last_name, card_num, card_exp, address)
values ('00000014', 'Joyce', 'McDermott', '4556053702152629', '05/01/21', '9713 Manchester Street, Bronx, NY 10465');

insert into person (id, first_name, last_name, card_num, card_exp, address)
values ('00000015', 'Shemar', 'Jackson', '4916002100160689', '11/01/22', '362 Sycamore St, Buffalo, NY 14224');

insert into person (id, first_name, last_name, card_num, card_exp, address)
values ('00000016', 'Jaquan', 'Trent', '4485548221696762', '10/01/21', '998 Jefferson Street, Jamaica, NY 11435');

insert into person (id, first_name, last_name, card_num, card_exp, address)
values ('00000017', 'Matt', 'Wolf', '4916638359954221', '11/01/21', '46 Roberts Street, Bronx, NY 10462');

insert into person (id, first_name, last_name, card_num, card_exp, address)
values ('00000018', 'Hillary', 'Jacobs', '4539291817816132', '06/01/22', '478 Glenlake Street, Brooklyn, NY 11204');

insert into person (id, first_name, last_name, card_num, card_exp, address)
values ('00000019', 'Eric', 'Rucker', '4539997683745441', '08/01/21', '38 Sleepy Hollow Street, Brooklyn, NY 11230');

insert into person (id, first_name, last_name, card_num, card_exp, address)
values ('00000020', 'Harrison', 'Smith', '4485199650339712', '10/01/22', '35 N. Olive Street, Staten Island, NY 10312');

insert into person (id, first_name, last_name, card_num, card_exp, address)
values ('00000021', 'Helena', 'Walsh', '4532145879999904', '12/01/21', '2 Lower River Avenue, Bronx, NY 10457');

insert into person (id, first_name, last_name, card_num, card_exp, address)
values ('00000022', 'Adolfo', 'Larkin', '4532640203695251', '03/01/21', '3 Rockaway Drive, Endicott, NY 13760');

insert into person (id, first_name, last_name, card_num, card_exp, address)
values ('00000023', 'Dylan', 'Russel', '4485286213540934', '12/01/21', '637 Manhattan Lane, Huntington, NY 11743');

insert into person (id, first_name, last_name, card_num, card_exp, address)
values ('00000024', 'Emma', 'Ball', '4929494289345667', '05/01/21', '9960 South Lantern Street, New York, NY 10011');

#drivers
insert into driver (id, license_num, license_state, license_issued, license_exp)
values ('00000001', '0147490', 'NY', '18/07/13', '18/07/20');

insert into driver (id, license_num, license_state, license_issued, license_exp)
values ('00000002', '6164605', 'NJ', '29/04/13', '29/04/20');

insert into driver (id, license_num, license_state, license_issued, license_exp)
values ('00000003', '1243129', 'NY', '28/08/14', '28/08/21');

insert into driver (id, license_num, license_state, license_issued, license_exp)
values ('00000004', '1150316', 'NY', '24/03/16', '24/03/23');

insert into driver (id, license_num, license_state, license_issued, license_exp)
values ('00000005', '2473795', 'NY', '09/08/16', '09/08/23');

insert into driver (id, license_num, license_state, license_issued, license_exp)
values ('00000006', '6253252', 'MD', '15/05/17', '15/05/24');

insert into driver (id, license_num, license_state, license_issued, license_exp)
values ('00000007', '0694577', 'NJ', '14/07/17', '14/07/24');

insert into driver (id, license_num, license_state, license_issued, license_exp)
values ('00000008', '4518456', 'NY', '25/10/17', '25/10/24');

insert into driver (id, license_num, license_state, license_issued, license_exp)
values ('00000009', '6858112', 'PA', '10/05/18', '10/05/25');

insert into driver (id, license_num, license_state, license_issued, license_exp)
values ('00000010', '3020241', 'NY', '12/07/18', '12/07/25');

insert into driver (id, license_num, license_state, license_issued, license_exp)
values ('00000011', '0147490', 'NY', '06/09/19', '06/09/26');

insert into driver (id, license_num, license_state, license_issued, license_exp)
values ('00000012', '2148973', 'NY', '14/05/15', '14/05/22');

#customer
insert into customer(id)
values('00000013');

insert into customer(id)
values('00000014');

insert into customer(id)
values('00000015');

insert into customer(id)
values('00000016');

insert into customer(id)
values('00000017');

insert into customer(id)
values('00000018');

insert into customer(id)
values('00000019');

insert into customer(id)
values('00000020');

insert into customer(id)
values('00000021');

insert into customer(id)
values('00000022');

insert into customer(id)
values('00000023');

insert into customer(id)
values('00000024');

#vehicles
insert into vehicle(car_id, tag_num, tag_state, make, model, car_year, seats, luggage_cap, availability, address)
values('00000001', 'FEA9695', 'NY', 'Jeep', 'Grand Cherokee', '2014', '4', null, true, '20 Halifax Lane, chester, NY 14609');

insert into vehicle(car_id, tag_num, tag_state, make, model, car_year, seats, luggage_cap, availability, address)
values('00000002', 'FTY8377', 'NY', 'Infinity', 'Q50', '2018', '4', null, true, '724 Griffin Street, New York, NY 10003');

insert into vehicle(car_id, tag_num, tag_state, make, model, car_year, seats, luggage_cap, availability, address)
values('00000003', 'PJ7M84X', 'NY', 'Acura', 'RDX', '2015', '4', null, true, '7393 SW. Meadowbrook Avenue, North Tonawanda, NY 14120');

insert into vehicle(car_id, tag_num, tag_state, make, model, car_year, seats, luggage_cap, availability, address)
values('00000004', 'HHE8852', 'NY', 'Mitsubishi', 'Eclipse', '1999', '4', null, true, '880 Central Street, Brooklyn, NY 11235');

insert into vehicle(car_id, tag_num, tag_state, make, model, car_year, seats, luggage_cap, availability, address)
values('00000005', '7PMK264', 'NJ', 'Toyota', 'Corolla', '2010', '4', null, true, '7100 Peninsula Street, Buffalo, NY 14215');

insert into vehicle(car_id, tag_num, tag_state, make, model, car_year, seats, luggage_cap, availability, address)
values('00000006', 'JWL1300', 'NY', 'Cadillac', 'CTS', '2011', '4', null, true, '8095 Shipley Street, Jamaica, NY 11432');

insert into vehicle(car_id, tag_num, tag_state, make, model, car_year, seats, luggage_cap, availability, address)
values('00000007', '038PKL', 'NY', 'Pontiac', 'Grand Prix GT', '2004', '4', null, true, '8156 West Tower Drive, Elmont, NY 11003');

insert into vehicle(car_id, tag_num, tag_state, make, model, car_year, seats, luggage_cap, availability, address)
values('00000008', 'AJM2893', 'NY', 'Hyundai', 'Sonata', '2011', '4', null, true, '9365 Nicolls Avenue, Jamaica, NY 11435');

insert into vehicle(car_id, tag_num, tag_state, make, model, car_year, seats, luggage_cap, availability, address)
values('00000009', '7UF057', 'NY', 'Nissan', 'Versa', '2015', '4', null, true, '19 Lyme Road, Brooklyn, NY 11220');

insert into vehicle(car_id, tag_num, tag_state, make, model, car_year, seats, luggage_cap, availability, address)
values('00000010', '7UXM679', 'NY', 'Toyota', 'Camry', '2000', '4', null, false, null);

insert into vehicle(car_id, tag_num, tag_state, make, model, car_year, seats, luggage_cap, availability, address)
values('00000011', 'FM285Y', 'NY', 'Toyota', 'Highlander', '2016', '4', null, true, '864 New Road, Patchogue, NY 11772');

insert into vehicle(car_id, tag_num, tag_state, make, model, car_year, seats, luggage_cap, availability, address)
values('00000012', '257MIQ', 'NJ', 'Nissan', 'Altima', '2009', '4', null, true, '709 Heritage Road, Brooklyn, NY 11214');

#owns
insert into owns(d_id, car_id)
values('00000001', '00000001');

insert into owns(d_id, car_id)
values('00000002', '00000002');

insert into owns(d_id, car_id)
values('00000003', '00000003');

insert into owns(d_id, car_id)
values('00000004', '00000004');

insert into owns(d_id, car_id)
values('00000005', '00000005');

insert into owns(d_id, car_id)
values('00000006', '00000006');

insert into owns(d_id, car_id)
values('00000007', '00000007');

insert into owns(d_id, car_id)
values('00000008', '00000008');

insert into owns(d_id, car_id)
values('00000009', '00000009');

insert into owns(d_id, car_id)
values('00000010', '00000010');

insert into owns(d_id, car_id)
values('00000011', '00000011');

insert into owns(d_id, car_id)
values('00000012', '00000012');

#emails
insert into emails(id, emails)
values('00000001', 'alex.a@gmail.com');

insert into emails(id, emails)
values('00000002', 'dana.d@gmail.com');

insert into emails(id, emails)
values('00000003', 'tilman.m@gmail.com');

insert into emails(id, emails)
values('00000004', 'eunice.b@gmail.com');

insert into emails(id, emails)
values('00000005', 'elijah.l@gmamil.com');

insert into emails(id, emails)
values('00000006', 'grover.b@gmail.com');

insert into emails(id, emails)
values('00000007', 'franz.c@gmail.com');

insert into emails(id, emails)
values('00000008', 'joel.h@gmail.com');

insert into emails(id, emails)
values('00000009', 'peter.g@gmail.com');

insert into emails(id, emails)
values('00000010', 'axel.j@gmail.com');

insert into emails(id, emails)
values('00000011', 'quin.k@gmail.com');

insert into emails(id, emails)
values('00000012', 'bruce.k@gmail.com');

insert into emails(id, emails)
values('00000013', 'lin,k@gmial.com');

insert into emails(id, emails)
values('00000014', 'joyce.m@gmail.com');

insert into emails(id, emails)
values('00000015', 'shemar.j@gmail.com');

insert into emails(id, emails)
values('00000016', 'jaquan.t@gmail.com');

insert into emails(id, emails)
values('00000017', 'matt.w@gmail.com');

insert into emails(id, emails)
values('00000018', 'hillary.j@gmail.com');

insert into emails(id, emails)
values('00000019', 'eric.r@gmail.com');

insert into emails(id, emails)
values('00000020', 'harrison.s@gmail.com');

insert into emails(id, emails)
values('00000021', 'helena.w@gmail.com');

insert into emails(id, emails)
values('00000022', 'adolfo.l@gmail.com');

insert into emails(id, emails)
values('00000023', 'dylan.r@gmail.com');

insert into emails(id, emails)
values('00000024', 'emma.b@gmail.com');

insert into emails(id, emails)
values('00000024', 'emma.b@yahoo.com');

#phone_nums

insert into phone_nums(id, phone_num)
values('00000001', '917-694-2501');

insert into phone_nums(id, phone_num)
values('00000002', '917-694-2502');

insert into phone_nums(id, phone_num)
values('00000003', '917-694-2503');

insert into phone_nums(id, phone_num)
values('00000004', '917-694-254');

insert into phone_nums(id, phone_num)
values('00000005', '917-694-2505');

insert into phone_nums(id, phone_num)
values('00000006', '917-694-2506');

insert into phone_nums(id, phone_num)
values('00000007', '917-694-2507');

insert into phone_nums(id, phone_num)
values('00000008', '917-694-2508');

insert into phone_nums(id, phone_num)
values('00000009', '917-694-2509');

insert into phone_nums(id, phone_num)
values('00000010', '917-694-2510');

insert into phone_nums(id, phone_num)
values('00000011', '917-694-2511');

insert into phone_nums(id, phone_num)
values('00000012', '917-694-2512');

insert into phone_nums(id, phone_num)
values('00000013', '917-694-2513');

insert into phone_nums(id, phone_num)
values('00000014', '917-694-2514');

insert into phone_nums(id, phone_num)
values('00000015', '917-694-2515');

insert into phone_nums(id, phone_num)
values('00000016', '917-694-2516');

insert into phone_nums(id, phone_num)
values('00000017', '917-694-2517');

insert into phone_nums(id, phone_num)
values('00000018', '917-694-2518');

insert into phone_nums(id, phone_num)
values('00000019', '917-694-2519');

insert into phone_nums(id, phone_num)
values('00000020', '917-694-2520');

insert into phone_nums(id, phone_num)
values('00000021', '917-694-2521');

insert into phone_nums(id, phone_num)
values('00000022', '917-694-2522');

insert into phone_nums(id, phone_num)
values('00000023', '917-694-2523');

insert into phone_nums(id, phone_num)
values('00000024', '917-694-2524');

#trips
insert into trips(trip_id, id)
values('00000001', '00000013');

insert into trips(trip_id, id)
values('00000002', '00000014');

insert into trips(trip_id, id)
values('00000003', '00000015');

insert into trips(trip_id, id)
values('00000004', '00000016');

insert into trips(trip_id, id)
values('00000005', '00000017');

insert into trips(trip_id, id)
values('00000006', '00000018');

insert into trips(trip_id, id)
values('00000007', '00000019');

insert into trips(trip_id, id)
values('00000008', '00000020');

insert into trips(trip_id, id)
values('00000009', '00000021');

insert into trips(trip_id, id)
values('00000010', '00000022');

insert into trips(trip_id, id)
values('00000011', '00000023');

insert into trips(trip_id, id)
values('00000012', '00000024');

#stops
insert into stops(id, trip_id, time_of, address)
values('00000013', '00000001', '2019-11-12 08:20:00', '685 Piper Street, Bronx, NY 10468');

insert into stops(id, trip_id, time_of, address)
values('00000013', '00000001', '2019-11-12 08:25:00', '7869 Trenton Street, Brooklyn, NY 11235');
;
insert into stops(id, trip_id, time_of, address)
values('00000014', '00000002', '2019-04-26 06:45:00', '445 Dunbar Road New York, NY 10128');

insert into stops(id, trip_id, time_of, address)
values('00000014', '00000002', '2019-04-26 06:55:00', '986 Campfire Drive, Staten Island, NY 10306');

insert into stops(id, trip_id, time_of, address)
values('00000015', '00000003', '2019-07-13 09:31:00', '92 Sherman Road, Brooklyn, NY 11213');

insert into stops(id, trip_id, time_of, address)
values('00000015', '00000003', '2019-07-13 09:52:00', '881 Hill Lane, Bronx, NY 10467');

insert into stops(id, trip_id, time_of, address)
values('00000016', '00000004', '2019-08-04 10:00:00', '23 East San Carlos Street, Far Rockaway, NY 11691');

insert into stops(id, trip_id, time_of, address)
values('00000016', '00000004', '2019-08-04 10:30:00', '194 S. Cherry Hill Court, Bronx, NY 10472');

insert into stops(id, trip_id, time_of, address)
values('00000017', '00000005', '2019-01-30 03:37:00', '618 Temple Street, New York, NY 10033');

insert into stops(id, trip_id, time_of, address)
values('00000017', '00000005', '2019-01-30 03:47:00', '268 Nut Swamp Street, East Elmhurst, NY 11370');

insert into stops(id, trip_id, time_of, address)
values('00000017', '00000005', '2019-01-30 04:12:00', '8264 Gregory Street, Bronx, NY 10468');

insert into stops(id, trip_id, time_of, address)
values('00000018', '00000006', '2019-11-03 01:58:00', '9282 Redwood Street, Brooklyn, NY 11236');

insert into stops(id, trip_id, time_of, address)
values('00000018', '00000006', '2019-11-03 02:16:00', '35 Grand Street, Yonkers, NY 10701');

insert into stops(id, trip_id, time_of, address)
values('00000019', '00000007', '2019-05-20 09:43:00', '296 Argyle Street, Jackson Heights, NY 11372');

insert into stops(id, trip_id, time_of, address)
values('00000019', '00000007', '2019-05-20 09:01:00', '375 Union Street, Flushing, NY 11355');

insert into stops(id, trip_id, time_of, address)
values('00000020', '00000008', '2019-10-10 10:00:00', '8386 Rockland Drive, Rome, NY 13440');

insert into stops(id, trip_id, time_of, address)
values('00000020', '00000008', '2019-10-10 10:10:00', '415 South Glen Eagles Street, Lockport, NY 14094');

insert into stops(id, trip_id, time_of, address)
values('00000020', '00000008', '2019-10-10 10:20:00', '367 Valley View Avenue, Brooklyn, NY 11218');

insert into stops(id, trip_id, time_of, address)
values('00000021', '00000009', '2019-11-11 11:11:00', '9510 W. Monroe Lane, Ithaca, NY 14850');

insert into stops(id, trip_id, time_of, address)
values('00000021', '00000009', '2019-11-11 11:29:00', '916 Brewery Road, Bronx, NY 10453');

insert into stops(id, trip_id, time_of, address)
values('00000022', '00000010', '2019-02-12 08:33:00', '375 Union Street, Flushing, NY 11355');

insert into stops(id, trip_id, time_of, address)
values('00000022', '00000010', '2019-02-12 08:41:00', '24 Sherwood Lane, Brooklyn, NY 11220');

insert into stops(id, trip_id, time_of, address)
values('00000023', '00000011', '2019-06-26 06:07:00', '43 Livingston Street, Rego Park, NY 11374');

insert into stops(id, trip_id, time_of, address)
values('00000023', '00000011', '2019-06-26 06:38:00', '298 Rockland Avenue, Jamaica, NY 11434');

insert into stops(id, trip_id, time_of, address)
values('00000024', '00000012', '2019-09-14 08:11:00', '209 North Chapel Avenue, Brooklyn, NY 11237');

insert into stops(id, trip_id, time_of, address)
values('00000024', '00000012', '2019-09-14 08:27:00', '391 Columbia Road, New York, NY 10034');

insert into stops(id, trip_id, time_of, address)
values('00000024', '00000012', '2019-09-14 08:48:00', '16 Logan Street, Rome, NY 13440');

#fufills
insert into fufills(id, trip_id, car_id)
values('00000013', '00000001', '00000001');

insert into fufills(id, trip_id, car_id)
values('00000014', '00000002', '00000002');

insert into fufills(id, trip_id, car_id)
values('00000015', '00000003', '00000003');

insert into fufills(id, trip_id, car_id)
values('00000016', '00000004', '00000004');

insert into fufills(id, trip_id, car_id)
values('00000017', '00000005', '00000005');

insert into fufills(id, trip_id, car_id)
values('00000018', '00000006', '00000006');

insert into fufills(id, trip_id, car_id)
values('00000019', '00000007', '00000007');

insert into fufills(id, trip_id, car_id)
values('00000020', '00000008', '00000008');

insert into fufills(id, trip_id, car_id)
values('00000021', '00000008', '00000009');

insert into fufills(id, trip_id, car_id)
values('00000022', '00000010', '00000010');

insert into fufills(id, trip_id, car_id)
values('00000023', '00000011', '00000011');

insert into fufills(id, trip_id, car_id)
values('00000024', '00000012', '00000012');

#payments
insert into payments(d_id, c_id, transaction_num, amount, date_paid)
values('00000001', '00000013', '00000001', null, '2019-11-12 08:30:00');

insert into payments(d_id, c_id, transaction_num, amount, date_paid)
values('00000002', '00000014', '00000002', null, '2019-04-26 07:00:00');

insert into payments(d_id, c_id, transaction_num, amount, date_paid)
values('00000003', '00000015', '00000003', null, '2019-07-13 10:00:00');

insert into payments(d_id, c_id, transaction_num, amount, date_paid)
values('00000004', '00000016', '00000004', null, '2019-08-07 10:30:00');

insert into payments(d_id, c_id, transaction_num, amount, date_paid)
values('00000005', '00000017', '00000005', null, '2019-01-30 04:15:00');

insert into payments(d_id, c_id, transaction_num, amount, date_paid)
values('00000006', '00000018', '00000006', null, '2019-11-04 04:15:00');

